block,plot,treatment,treatment_applied,insect_trap,insect_trap_data_collected,box,box_data_collected,bird_census,lichen_census,point_code,north,east,elev,Comments,Comments
brudgatan,plot_38,URT,october_2017,trap_0,2017; 2018,NA,NA,NA,NA,38_0,6643363.222,657866.205,37.518,,
brudgatan,plot_38,URT,october_2017,trap_120,2017; 2018,NA,NA,NA,NA,38_120,6643313.088,657879.145,38.586,,
brudgatan,plot_38,URT,october_2017,trap_240,2017; 2018,NA,NA,NA,NA,38_240,6643319.748,657845.908,53.69,,
brudgatan,plot_38,URT,october_2017,NA,NA,west,2017; 2018; 2019,NA,NA,38_270,6643337.612,657839.81,39.377,,
brudgatan,plot_38,URT,october_2017,NA,NA,east,2017; 2018; 2019,NA,2018,38_90,6643333.288,657888.162,38.19,,
brudgatan,plot_38,URT,october_2017,NA,NA,NA,NA,2017; 2018,NA,38_c,6643337.098,657863.8227,41.4722,,
brudgatan,plot_39,CT,october_2017,trap_0,2017; 2018,NA,NA,NA,NA,39_0,6643423.591,658173.852,41.964,,
brudgatan,plot_39,CT,october_2017,trap_120,2017; 2018,NA,NA,NA,NA,39_120,6643387.204,658191.03,40.804,,
brudgatan,plot_39,CT,october_2017,trap_240,2017; 2018,NA,NA,NA,NA,39_240,6643388.568,658155.825,45.73,,
brudgatan,plot_39,CT,october_2017,NA,NA,west,2017; 2018; 2019,NA,2018,39_270,6643396.839,658151.969,42.708,,
brudgatan,plot_39,CT,october_2017,NA,NA,east,2017; 2018; 2019,NA,NA,39_90,6643400.272,658193.304,40.758,,
brudgatan,plot_39,CT,october_2017,NA,NA,NA,NA,2017; 2018,NA,39_c,6643400.766,658171.9186,42.3928,,
brudgatan,plot_42,URT,october_2017,trap_0,2017; 2018,NA,NA,NA,NA,42_0,6643845.819,658172.99,43.733,,
brudgatan,plot_42,URT,october_2017,trap_120,2017; 2018,NA,NA,NA,NA,42_120,6643802.383,658191.026,44.636,,
brudgatan,plot_42,URT,october_2017,trap_240,2017; 2018,NA,NA,NA,NA,42_240,6643805.336,658155.456,42.486,,
brudgatan,plot_42,URT,october_2017,NA,NA,west,2017; 2018; 2019,NA,NA,42_270,6643826.111,658149.537,43.21,,
brudgatan,plot_42,URT,october_2017,NA,NA,east,2017; 2018; 2019,NA,NA,42_90,6643812.576,658199.137,44.289,,
brudgatan,plot_42,URT,october_2017,NA,NA,NA,NA,2017; 2018,2018,42_c,6643820.099,658172.6504,43.6708,,
brudgatan,plot_45,CR,october_2017,trap_0,2017; 2018,NA,NA,NA,NA,45_0,6644057.766,658258.109,43.254,,
brudgatan,plot_45,CR,october_2017,trap_120,2017; 2018,NA,NA,NA,NA,45_120,6644025.466,658286.076,39.12,,
brudgatan,plot_45,CR,october_2017,trap_240,2017; 2018,NA,NA,NA,NA,45_240,6644029.111,658242.401,41.704,,
brudgatan,plot_45,CR,october_2017,NA,NA,west,2017; 2018; 2019,NA,NA,45_270,6644039.485,658234.099,36.798,,
brudgatan,plot_45,CR,october_2017,NA,NA,east,2017; 2018; 2019,NA,2018,45_90,6644035.71,658283.576,39.526,,
brudgatan,plot_45,CR,october_2017,NA,NA,NA,NA,2017; 2018,NA,45_c,6644034.86,658259.855,41.22,,
hagaberg,plot_204,NF,NA,trap_0,2017; 2018,NA,NA,NA,NA,204_0,6614636.36,655386.774,29.17,,
hagaberg,plot_204,NF,NA,trap_120,2017; 2018,NA,NA,NA,NA,204_120,6614597.353,655407.13,31.086,,
hagaberg,plot_204,NF,NA,trap_240,2017; 2018,NA,NA,NA,NA,204_240,6614588.625,655372.947,30.068,,
hagaberg,plot_204,NF,NA,NA,NA,west,2017; 2018; 2019,NA,NA,204_270,6614610.199,655361.227,29.919,,
hagaberg,plot_204,NF,NA,NA,NA,east,2017; 2018; 2019,NA,NA,204_90,6614611.001,655417.806,30.557,,
hagaberg,plot_204,NF,NA,NA,NA,NA,NA,2016; 2017; 2018,NA,204_c,6614606.274,655389.162,30.617,Old name = SIG4,
hallsbo,plot_205,NF,NA,trap_0,2017; 2018,NA,NA,NA,NA,205_0,6613312.155,651847.998,41.671,,
hallsbo,plot_205,NF,NA,trap_120,2017; 2018,NA,NA,NA,NA,205_120,6613280.649,651863.476,38.333,,
hallsbo,plot_205,NF,NA,trap_240,2017; 2018,NA,NA,NA,NA,205_240,6613284.403,651829.798,43.257,,
hallsbo,plot_205,NF,NA,NA,NA,west,2017; 2018; 2019,NA,NA,205_270,6613294.896,651826.935,45.773,,
hallsbo,plot_205,NF,NA,NA,NA,east,2017; 2018; 2019,NA,NA,205_90,6613284.048,651871.923,38.847,,
hallsbo,plot_205,NF,NA,NA,NA,NA,NA,2016; 2017; 2018,NA,205_c,6613288.104,651848.751,42.397,Old name = SIG5,
hallsbo,plot_206,NF,NA,trap_0,2017; 2018,NA,NA,NA,NA,206_0,6613107.241,652071.127,43.959,,
hallsbo,plot_206,NF,NA,trap_120,2017; 2018,NA,NA,NA,NA,206_120,6613087.146,652092.752,43.17,,
hallsbo,plot_206,NF,NA,trap_240,2017; 2018,NA,NA,NA,NA,206_240,6613080.437,652043.077,45.167,,
hallsbo,plot_206,NF,NA,NA,NA,west,2017; 2018; 2019,NA,NA,206_270,6613096.227,652043.845,45.875,,
hallsbo,plot_206,NF,NA,NA,NA,east,2017; 2018; 2019,NA,NA,206_90,6613083.902,652093.637,43.07,,
hallsbo,plot_206,NF,NA,NA,NA,NA,NA,2016; 2017; 2018,NA,206_c,6613088.541,652073.096,44.667,Old name = SIG6,
halqved,plot_1,CR,november_2018,trap_0,2017; 2018; 2019,NA,NA,NA,NA,1_0,6640120.052,662378.982,33.394,,
halqved,plot_1,CR,november_2018,trap_120,2017; 2018; 2019,NA,NA,NA,NA,1_120,6640091.941,662379.648,32.755,,
halqved,plot_1,CR,november_2018,trap_240,2017; 2018; 2019,NA,NA,NA,NA,1_240,6640098.742,662334.12,34.445,,
halqved,plot_1,CR,november_2018,NA,NA,west,2017; 2018; 2019,NA,NA,1_270,6640115.509,662344.24,33.917,,
halqved,plot_1,CR,november_2018,NA,NA,east,2017; 2018; 2019,NA,NA,1_90,6640096.035,662380.889,31.701,,
halqved,plot_1,CR,november_2018,NA,NA,NA,NA,2017; 2018; 2019,2018,1_c,6640108.678,662359.7541,33.2424,,
halqved,plot_1,CR,november_2018,trap_180,2018; 2019,NA,NA,NA,NA,1_180,NA,NA,33.2424,,
halqved,plot_1,CR,november_2018,trap_60,2018; 2019,NA,NA,NA,NA,1_60,NA,NA,33.2424,,
halqved,plot_1,CR,november_2018,trap_300,2018; 2019,NA,NA,NA,NA,1_300,NA,NA,33.2424,,
halqved,plot_33,URT,november_2018,trap_0,2017; 2018; 2019,NA,NA,NA,NA,33_0,6640991.506,662438.25,44.552,,
halqved,plot_33,URT,november_2018,trap_120,2017; 2018; 2019,NA,NA,NA,NA,33_120,6640958.72,662459.276,39.5,,
halqved,plot_33,URT,november_2018,trap_240,2017; 2018; 2019,NA,NA,NA,NA,33_240,6640961.254,662424.366,39.36,,
halqved,plot_33,URT,november_2018,NA,NA,west,2017; 2018; 2019,NA,NA,33_270,6640968.029,662416.271,36.315,,
halqved,plot_33,URT,november_2018,NA,NA,east,2017; 2018; 2019,NA,2018,33_90,6640972.318,662459.74,51.365,,
halqved,plot_33,URT,november_2018,NA,NA,NA,NA,2017; 2018; 2019,NA,33_c,6640969.322,662438.9588,42.2184,,
halqved,plot_33,URT,november_2018,trap_180,2018,NA,NA,NA,NA,33_180,NA,NA,42.2184,,
halqved,plot_33,URT,november_2018,trap_60,2018,NA,NA,NA,NA,33_60,NA,NA,42.2184,,
halqved,plot_33,URT,november_2018,trap_300,2018,NA,NA,NA,NA,33_300,NA,NA,42.2184,,
halqved,plot_36,CT,november_2018,trap_0,2017; 2018; 2019,NA,NA,NA,NA,36_0,6641019.611,662337.137,42.262,,
halqved,plot_36,CT,november_2018,trap_120,2017; 2018; 2019,NA,NA,NA,NA,36_120,6640977.599,662348.458,36.872,,
halqved,plot_36,CT,november_2018,trap_240,2017; 2018; 2019,NA,NA,NA,NA,36_240,6640985.034,662304.727,37.629,,
halqved,plot_36,CT,november_2018,NA,NA,west,2017; 2018; 2019,NA,NA,36_270,6640993.691,662302.697,34.415,,
halqved,plot_36,CT,november_2018,NA,NA,east,2017; 2018; 2019,NA,NA,36_90,6640989.344,662353.716,36.032,,
halqved,plot_36,CT,november_2018,NA,NA,NA,NA,2017; 2018; 2019,2018,36_c,6640992.422,662329.9334,37.442,,
halqved,plot_36,CT,november_2018,trap_180,2018,NA,NA,NA,NA,36_180,NA,NA,37.442,,
halqved,plot_36,CT,november_2018,trap_60,2018,NA,NA,NA,NA,36_60,NA,NA,37.442,,
halqved,plot_36,CT,november_2018,trap_300,2018,NA,NA,NA,NA,36_300,NA,NA,37.442,,
halqved,plot_37,CT,november_2018,trap_0,2017; 2018; 2019,NA,NA,NA,NA,37_0,6640823.933,662010.752,28.026,,
halqved,plot_37,CT,november_2018,trap_120,2017; 2018; 2019,NA,NA,NA,NA,37_120,6640792.85,662031.081,30.667,,
halqved,plot_37,CT,november_2018,trap_240,2017; 2018; 2019,NA,NA,NA,NA,37_240,6640797.046,661991.509,31.165,,
halqved,plot_37,CT,november_2018,NA,NA,west,2017; 2018; 2019,NA,NA,37_270,6640808.15,661993.837,31.799,,
halqved,plot_37,CT,november_2018,NA,NA,east,2017; 2018; 2019,NA,2018,37_90,6640801.901,662036.981,27.506,,
halqved,plot_37,CT,november_2018,NA,NA,NA,NA,2017; 2018; 2019,NA,37_c,6640805.488,662013.1402,29.8326,,
halqved,plot_37,CT,november_2018,trap_180,2018; 2019,NA,NA,NA,NA,37_180,NA,NA,29.8326,,
halqved,plot_37,CT,november_2018,trap_60,2018; 2019,NA,NA,NA,NA,37_60,NA,NA,29.8326,,
halqved,plot_37,CT,november_2018,trap_300,2018; 2019,NA,NA,NA,NA,37_300,NA,NA,29.8326,,
halqved,plot_4,CR,november_2018,trap_0,2017; 2018; 2019,NA,NA,NA,NA,4_0,6640737.799,662229.318,34.006,,
halqved,plot_4,CR,november_2018,trap_120,2017; 2018; 2019,NA,NA,NA,NA,4_120,6640708.592,662236.004,30.444,,
halqved,plot_4,CR,november_2018,trap_240,2017; 2018; 2019,NA,NA,NA,NA,4_240,6640701.772,662195.145,35.208,,
halqved,plot_4,CR,november_2018,NA,NA,west,2017; 2018; 2019,NA,2018,4_270,6640718.987,662203.179,31.935,,
halqved,plot_4,CR,november_2018,NA,NA,east,2017; 2018; 2019,NA,NA,4_90,6640715.853,662241.406,32.115,,
halqved,plot_4,CR,november_2018,NA,NA,NA,NA,2017; 2018; 2019,NA,4_c,6640720.095,662221.2186,32.7416,,
halqved,plot_4,CR,november_2018,trap_180,2018; 2019,NA,NA,NA,NA,4_180,NA,NA,32.7416,,
halqved,plot_4,CR,november_2018,trap_60,2018; 2019,NA,NA,NA,NA,4_60,NA,NA,32.7416,,
halqved,plot_4,CR,november_2018,trap_300,2018; 2019,NA,NA,NA,NA,4_300,NA,NA,32.7416,,
halqved,plot_6,CT,november_2018,trap_0,2017; 2018; 2019,NA,NA,NA,NA,6_0,6640690.294,661906.344,27.514,,
halqved,plot_6,CT,november_2018,trap_120,2017; 2018; 2019,NA,NA,NA,NA,6_120,6640661.34,661931.397,37.044,,
halqved,plot_6,CT,november_2018,trap_240,2017; 2018; 2019,NA,NA,NA,NA,6_240,6640651.549,661887.129,33.313,,
halqved,plot_6,CT,november_2018,NA,NA,west,2017; 2018; 2019,NA,NA,6_270,6640662.18,661883.412,32.463,,
halqved,plot_6,CT,november_2018,NA,NA,east,2017; 2018; 2019,NA,2018,6_90,6640669.588,661922.742,34.635,,
halqved,plot_6,CT,november_2018,NA,NA,NA,NA,2017; 2018; 2019,NA,6_c,6640664.494,661903.4648,32.9938,,
halqved,plot_6,CT,november_2018,trap_180,2018; 2019,NA,NA,NA,NA,6_180,NA,NA,32.9938,,
halqved,plot_6,CT,november_2018,trap_60,2018; 2019,NA,NA,NA,NA,6_60,NA,NA,32.9938,,
halqved,plot_6,CT,november_2018,trap_300,2018; 2019,NA,NA,NA,NA,6_300,NA,NA,32.9938,,
halqved,plot_8,URT,november_2018,trap_0,2017; 2018; 2019,NA,NA,NA,NA,8_0,6640739.534,662081.661,29.908,,
halqved,plot_8,URT,november_2018,trap_120,2017; 2018; 2019,NA,NA,NA,NA,8_120,6640705.87,662089.024,28.914,,
halqved,plot_8,URT,november_2018,trap_240,2017; 2018; 2019,NA,NA,NA,NA,8_240,6640709.713,662048.393,31.516,,
halqved,plot_8,URT,november_2018,NA,NA,west,2017; 2018; 2019,NA,2018,8_270,6640721.798,662049.066,30.152,,
halqved,plot_8,URT,november_2018,NA,NA,east,2017; 2018; 2019,NA,NA,8_90,6640714.957,662086.999,30.516,,
halqved,plot_8,URT,november_2018,NA,NA,NA,NA,2017; 2018; 2019,NA,8_c,6640717.69,662066.8221,30.2012,,
halqved,plot_8,URT,november_2018,trap_180,2018; 2019,NA,NA,NA,NA,8_180,NA,NA,30.2012,,
halqved,plot_8,URT,november_2018,trap_60,2018; 2019,NA,NA,NA,NA,8_60,NA,NA,30.2012,,
halqved,plot_8,URT,november_2018,trap_300,2018; 2019,NA,NA,NA,NA,8_300,NA,NA,30.2012,,
halsingdal,plot_120,NF,NA,trap_0,2017,NA,NA,NA,NA,120_0,6628983.725,667025.748,48.083,,
halsingdal,plot_120,NF,NA,trap_120,2017,NA,NA,NA,NA,120_120,6628940.9,667041.179,49.369,,
halsingdal,plot_120,NF,NA,trap_240,2017,NA,NA,NA,NA,120_240,6628936.638,667003.162,50.394,,
halsingdal,plot_120,NF,NA,NA,NA,west,2017; 2018; 2019,NA,NA,120_270,6628958.049,666996.93,52.829,,
halsingdal,plot_120,NF,NA,NA,NA,east,2017; 2018; 2019,NA,NA,120_90,6628951.668,667044.284,54.22,,
halsingdal,plot_120,NF,NA,NA,NA,NA,NA,2017; 2018,NA,120_c,6628957.944,667019.72,48.758,,
halsingdal,plot_121,NF,NA,trap_0,2017; 2018,NA,NA,NA,NA,121_0,6629082.596,667298.665,52.968,,
halsingdal,plot_121,NF,NA,trap_120,2017; 2018,NA,NA,NA,NA,121_120,6629063.473,667336.136,50.909,,
halsingdal,plot_121,NF,NA,trap_180,2017; 2018,NA,NA,NA,NA,121_180,6629034.891,667312.774,55.359,,
halsingdal,plot_121,NF,NA,trap_240,2017; 2018,NA,NA,NA,NA,121_240,6629044.866,667282.411,51.308,,
halsingdal,plot_121,NF,NA,NA,NA,west,2017; 2018; 2019,NA,NA,121_270,6629057.976,667279.082,52.4,,
halsingdal,plot_121,NF,NA,trap_300,2017; 2018,NA,NA,NA,NA,121_300,6629072.779,667283.784,53.308,,
halsingdal,plot_121,NF,NA,trap_60,2017; 2018,NA,NA,NA,NA,121_60,6629073.457,667326.239,53.125,,
halsingdal,plot_121,NF,NA,NA,NA,east,2017; 2018; 2019,NA,NA,121_90,6629057.12,667327.36,52.026,,
halsingdal,plot_121,NF,NA,NA,NA,NA,NA,2017; 2018,NA,121_c,6629061.486,667304.554,52.713,,
halsingdal,plot_61,CR,january_2018,trap_0,2017; 2018,NA,NA,NA,NA,61_0,6629220.729,667234.312,41.385,,
halsingdal,plot_61,CR,january_2018,trap_120,2017; 2018,NA,NA,NA,NA,61_120,6629185.203,667255.098,42.525,,
halsingdal,plot_61,CR,january_2018,trap_180,2017; 2018,NA,NA,NA,NA,61_180,6629174.59,667228.975,44.116,,
halsingdal,plot_61,CR,january_2018,trap_240,2017; 2018,NA,NA,NA,NA,61_240,6629190.089,667207.869,39.809,,
halsingdal,plot_61,CR,january_2018,NA,NA,west,2017; 2018; 2019,NA,2018,61_270,6629200.473,667209.749,38.707,,
halsingdal,plot_61,CR,january_2018,trap_300,2017; 2018,NA,NA,NA,NA,61_300,6629212.584,667212.471,36.549,,
halsingdal,plot_61,CR,january_2018,trap_60,2017; 2018,NA,NA,NA,NA,61_60,6629207.778,667251.077,42.601,,
halsingdal,plot_61,CR,january_2018,NA,NA,east,2017; 2018; 2019,NA,NA,61_90,6629188.46,667260.71,40.223,,
halsingdal,plot_61,CR,january_2018,NA,NA,NA,NA,2017; 2018,NA,61_c,6629197.879,667235.3805,40.739375,,
halsingdal,plot_62,URT,january_2018,trap_0,2017; 2018,NA,NA,NA,NA,62_0,6629251.168,667116.374,39.124,,
halsingdal,plot_62,URT,january_2018,trap_120,2017; 2018,NA,NA,NA,NA,62_120,6629214.015,667133.523,46.295,,
halsingdal,plot_62,URT,january_2018,trap_180,2017; 2018,NA,NA,NA,NA,62_180,6629201.942,667107.198,36.463,,
halsingdal,plot_62,URT,january_2018,trap_240,2017; 2018,NA,NA,NA,NA,62_240,6629221.286,667086.521,53.237,,
halsingdal,plot_62,URT,january_2018,NA,NA,west,2017; 2018; 2019,NA,NA,62_270,6629225.968,667089.737,39.845,,
halsingdal,plot_62,URT,january_2018,trap_300,2017; 2018,NA,NA,NA,NA,62_300,6629237.553,667090.762,38.793,,
halsingdal,plot_62,URT,january_2018,trap_60,2017; 2018,NA,NA,NA,NA,62_60,6629232.274,667131.607,38.644,,
halsingdal,plot_62,URT,january_2018,NA,NA,east,2017; 2018; 2019,NA,2018,62_90,6629217.459,667134.162,38.98,,
halsingdal,plot_62,URT,january_2018,NA,NA,NA,NA,2017; 2018,NA,62_c,6629226.16,667113.2858,41.422625,,
halsingdal,plot_64,URT,january_2018,trap_0,2017; 2018,NA,NA,NA,NA,64_0,6629115.174,667109.768,45.475,,
halsingdal,plot_64,URT,january_2018,trap_120,2017; 2018,NA,NA,NA,NA,64_120,6629086.338,667121.433,45.232,,
halsingdal,plot_64,URT,january_2018,trap_180,2017; 2018,NA,NA,NA,NA,64_180,6629071.341,667097.397,44.198,,
halsingdal,plot_64,URT,january_2018,trap_240,2017; 2018,NA,NA,NA,NA,64_240,6629086.883,667076.26,47.335,,
halsingdal,plot_64,URT,january_2018,NA,NA,west,2017; 2018; 2019,NA,NA,64_270,6629097.77,667079.621,45.102,,
halsingdal,plot_64,URT,january_2018,trap_300,2017; 2018,NA,NA,NA,NA,64_300,6629109.668,667086.773,47.13,,
halsingdal,plot_64,URT,january_2018,trap_60,2017; 2018,NA,NA,NA,NA,64_60,6629102.16,667120.906,46.262,,
halsingdal,plot_64,URT,january_2018,NA,NA,east,2017; 2018; 2019,NA,NA,64_90,6629091.119,667127.944,50.049,,
halsingdal,plot_64,URT,january_2018,NA,NA,NA,NA,2017; 2018,2018,64_c,6629092.492,667102.9157,46.347875,,
halsingdal,plot_65,CT,january_2018,trap_0,2017; 2018,NA,NA,NA,NA,65_0,6628945.399,667090.613,62.167,,
halsingdal,plot_65,CT,january_2018,trap_120,2017; 2018,NA,NA,NA,NA,65_120,6628908.623,667106.497,50.137,,
halsingdal,plot_65,CT,january_2018,trap_180,2017; 2018,NA,NA,NA,NA,65_180,6628897.562,667085.766,46.513,,
halsingdal,plot_65,CT,january_2018,trap_240,2017; 2018,NA,NA,NA,NA,65_240,6628914.437,667063.806,48.141,,
halsingdal,plot_65,CT,january_2018,NA,NA,west,2017; 2018; 2019,NA,2018,65_270,6628923.409,667058.414,47.589,,
halsingdal,plot_65,CT,january_2018,trap_300,2017; 2018,NA,NA,NA,NA,65_300,6628933.331,667063.218,47.515,,
halsingdal,plot_65,CT,january_2018,trap_60,2017; 2018,NA,NA,NA,NA,65_60,6628934.203,667107.65,50.728,,
halsingdal,plot_65,CT,january_2018,NA,NA,east,2017; 2018; 2019,NA,NA,65_90,6628919.201,667111.129,52.342,,
halsingdal,plot_65,CT,january_2018,NA,NA,NA,NA,2017; 2018,NA,65_c,6628922.455,667084.013,50.6415,,
halsingdal,plot_66,CR,january_2018,trap_0,2017; 2018,NA,NA,NA,NA,66_0,6628664.537,667263.434,44.551,,
halsingdal,plot_66,CR,january_2018,trap_120,2017; 2018,NA,NA,NA,NA,66_120,6628627.24,667276.176,41.539,,
halsingdal,plot_66,CR,january_2018,trap_180,2017; 2018,NA,NA,NA,NA,66_180,6628615.489,667253.313,41.644,,
halsingdal,plot_66,CR,january_2018,trap_240,2017; 2018,NA,NA,NA,NA,66_240,6628634.936,667234.905,41.515,,
halsingdal,plot_66,CR,january_2018,NA,NA,west,2017; 2018; 2019,NA,NA,66_270,6628645.43,667231.47,42.68,,
halsingdal,plot_66,CR,january_2018,trap_300,2017; 2018,NA,NA,NA,NA,66_300,6628658.856,667239.357,45.274,,
halsingdal,plot_66,CR,january_2018,trap_60,2017; 2018,NA,NA,NA,NA,66_60,6628648.891,667279.923,40.791,,
halsingdal,plot_66,CR,january_2018,NA,NA,east,2017; 2018; 2019,NA,2018,66_90,6628632.466,667279.535,41.484,,
halsingdal,plot_66,CR,january_2018,NA,NA,NA,NA,2017; 2018,NA,66_c,6628641.436,667256.7224,42.43475,,
halsingdal,plot_67,URT,january_2018,trap_0,2017; 2018,NA,NA,NA,NA,67_0,6629304.835,666809.312,54.515,,
halsingdal,plot_67,URT,january_2018,trap_120,2017; 2018,NA,NA,NA,NA,67_120,6629267.252,666835.837,48.583,,
halsingdal,plot_67,URT,january_2018,trap_180,2017; 2018,NA,NA,NA,NA,67_180,6629255.153,666800.849,51.8,,
halsingdal,plot_67,URT,january_2018,trap_240,2017; 2018,NA,NA,NA,NA,67_240,6629261.238,666792.054,52.57,,
halsingdal,plot_67,URT,january_2018,NA,NA,west,2017; 2018; 2019,NA,NA,67_270,6629278.795,666787.375,50.285,,
halsingdal,plot_67,URT,january_2018,trap_300,2017; 2018,NA,NA,NA,NA,67_300,6629293.01,666792.775,49.815,,
halsingdal,plot_67,URT,january_2018,trap_60,2017; 2018,NA,NA,NA,NA,67_60,6629290.414,666836.922,49.041,,
halsingdal,plot_67,URT,january_2018,NA,NA,east,2017; 2018; 2019,NA,NA,67_90,6629268.779,666841.088,78.992,,
halsingdal,plot_67,URT,january_2018,NA,NA,NA,NA,2017; 2018,2018,67_c,6629278.456,666814.113,54.450125,only 160 umbrella spruces on plot,
halsingdal,plot_68,CT,january_2018,trap_0,2017; 2018,NA,NA,NA,NA,68_0,6629429.622,666729.381,51.376,,
halsingdal,plot_68,CT,january_2018,trap_120,2017; 2018,NA,NA,NA,NA,68_120,6629385.699,666741.313,44.736,,
halsingdal,plot_68,CT,january_2018,trap_180,2017; 2018,NA,NA,NA,NA,68_180,6629382.975,666722.93,50.589,,
halsingdal,plot_68,CT,january_2018,trap_240,2017; 2018,NA,NA,NA,NA,68_240,6629391.382,666712.666,44.754,,
halsingdal,plot_68,CT,january_2018,NA,NA,west,2017; 2018; 2019,NA,2018,68_270,6629433.016,666722.976,48.991,,
halsingdal,plot_68,CT,january_2018,trap_300,2017; 2018,NA,NA,NA,NA,68_300,6629423.793,666703.585,43.98,,
halsingdal,plot_68,CT,january_2018,trap_60,2017; 2018,NA,NA,NA,NA,68_60,6629408.921,666747.041,43.158,,
halsingdal,plot_68,CT,january_2018,NA,NA,east,2017; 2018; 2019,NA,NA,68_90,6629380.722,666727.828,47.068,,
halsingdal,plot_68,CT,january_2018,NA,NA,NA,NA,2017; 2018,NA,68_c,6629405.429,666726.0264,46.8315,,
halsingdal,plot_69,CT,january_2018,trap_0,2017; 2018,NA,NA,NA,NA,69_0,6629107.769,666539.484,52.947,,
halsingdal,plot_69,CT,january_2018,trap_120,2017; 2018,NA,NA,NA,NA,69_120,6629073.81,666562.145,54.067,,
halsingdal,plot_69,CT,january_2018,trap_180,2017; 2018,NA,NA,NA,NA,69_180,6629056.207,666536.535,54.07,,
halsingdal,plot_69,CT,january_2018,trap_240,2017; 2018,NA,NA,NA,NA,69_240,6629067.256,666522.09,53.263,,
halsingdal,plot_69,CT,january_2018,NA,NA,west,2017; 2018; 2019,NA,2018,69_270,6629080.431,666515.138,52.456,,
halsingdal,plot_69,CT,january_2018,trap_300,2017; 2018,NA,NA,NA,NA,69_300,6629098.234,666522.481,53.522,,
halsingdal,plot_69,CT,january_2018,trap_60,2017; 2018,NA,NA,NA,NA,69_60,6629091.708,666562.422,53.034,,
halsingdal,plot_69,CT,january_2018,NA,NA,east,2017; 2018; 2019,NA,NA,69_90,6629083.619,666567.205,53.097,,
halsingdal,plot_69,CT,january_2018,NA,NA,NA,NA,2017; 2018,NA,69_c,6629083.808,666540.8135,53.307,,
kilsjon,plot_83,CR,february_2019,trap_0,2017; 2018; 2019,NA,NA,NA,NA,83_0,6637708.518,671724.367,35.446,,
kilsjon,plot_83,CR,february_2019,trap_120,2017; 2018; 2019,NA,NA,NA,NA,83_120,6637669.214,671736.149,34.15,,
kilsjon,plot_83,CR,february_2019,trap_240,2017; 2018; 2019,NA,NA,NA,NA,83_240,6637677.649,671702.096,32.489,,
kilsjon,plot_83,CR,february_2019,NA,NA,west,2017; 2018; 2019,NA,NA,83_270,6637685.043,671704.203,32.174,,
kilsjon,plot_83,CR,february_2019,NA,NA,east,2017; 2018; 2019,NA,2018,83_90,6637681.512,671750.079,39.327,,
kilsjon,plot_83,CR,february_2019,NA,NA,NA,NA,2017; 2018; 2019,NA,83_c,6637685.144,671724.5708,34.7172,,
kilsjon,plot_83,CR,february_2019,trap_180,2018; 2019,NA,NA,NA,NA,83_180,NA,NA,34.7172,,
kilsjon,plot_83,CR,february_2019,trap_60,2018; 2019,NA,NA,NA,NA,83_60,NA,NA,34.7172,,
kilsjon,plot_83,CR,february_2019,trap_300,2018; 2019,NA,NA,NA,NA,83_300,NA,NA,34.7172,,
kilsjon,plot_85,URT,february_2019,trap_0,2017; 2018; 2019,NA,NA,NA,NA,85_0,6637994.431,671531.732,21.349,,
kilsjon,plot_85,URT,february_2019,trap_120,2017; 2018; 2019,NA,NA,NA,NA,85_120,6637953.881,671549.831,22.588,,
kilsjon,plot_85,URT,february_2019,trap_240,2017; 2018; 2019,NA,NA,NA,NA,85_240,6637959.093,671512.513,21.296,,
kilsjon,plot_85,URT,february_2019,NA,NA,west,2017; 2018; 2019,NA,NA,85_270,6637977.78,671510.635,22.737,,
kilsjon,plot_85,URT,february_2019,NA,NA,east,2017; 2018; 2019,NA,NA,85_90,6637961.851,671551.842,22.334,,
kilsjon,plot_85,URT,february_2019,NA,NA,NA,NA,2017; 2018; 2019,2018,85_c,6637970.239,671531.3705,22.0608,only 165 umbrella spruces on plot,
kilsjon,plot_85,URT,february_2019,trap_180,2018; 2019,NA,NA,NA,NA,85_180,NA,NA,22.0608,,
kilsjon,plot_85,URT,february_2019,trap_60,2018; 2019,NA,NA,NA,NA,85_60,NA,NA,22.0608,,
kilsjon,plot_85,URT,february_2019,trap_300,2018; 2019,NA,NA,NA,NA,85_300,NA,NA,22.0608,,
kilsjon,plot_87,CR,february_2019,trap_0,2017; 2018; 2019,NA,NA,NA,NA,87_0,6637921.115,671743.589,18.431,,
kilsjon,plot_87,CR,february_2019,trap_120,2017; 2018; 2019,NA,NA,NA,NA,87_120,6637885.903,671766.893,28.809,,
kilsjon,plot_87,CR,february_2019,trap_240,2017; 2018; 2019,NA,NA,NA,NA,87_240,6637892.023,671720.34,29.319,,
kilsjon,plot_87,CR,february_2019,NA,NA,west,2017; 2018; 2019,NA,2018,87_270,6637912.504,671723.05,27.918,,
kilsjon,plot_87,CR,february_2019,NA,NA,east,2017; 2018; 2019,NA,NA,87_90,6637898.877,671772.01,29.113,,
kilsjon,plot_87,CR,february_2019,NA,NA,NA,NA,2017; 2018; 2019,NA,87_c,6637907.379,671742.7853,26.718,,
kilsjon,plot_87,CR,february_2019,trap_180,2018; 2019,NA,NA,NA,NA,87_180,NA,NA,26.718,,
kilsjon,plot_87,CR,february_2019,trap_60,2018; 2019,NA,NA,NA,NA,87_60,NA,NA,26.718,,
kilsjon,plot_87,CR,february_2019,trap_300,2018; 2019,NA,NA,NA,NA,87_300,NA,NA,26.718,,
kilsjon,plot_88,CT,february_2019,trap_0,2017; 2018; 2019,NA,NA,NA,NA,88_0,6638027.779,671822.996,21.603,,
kilsjon,plot_88,CT,february_2019,trap_120,2017; 2018; 2019,NA,NA,NA,NA,88_120,6637987.33,671845.424,22.516,,
kilsjon,plot_88,CT,february_2019,trap_240,2017; 2018; 2019,NA,NA,NA,NA,88_240,6637992.377,671805.763,22.698,,
kilsjon,plot_88,CT,february_2019,NA,NA,west,2017; 2018; 2019,NA,NA,88_270,6638002.647,671797.987,22.841,,
kilsjon,plot_88,CT,february_2019,NA,NA,east,2017; 2018; 2019,NA,NA,88_90,6638001.773,671847.788,22.294,,
kilsjon,plot_88,CT,february_2019,NA,NA,NA,NA,2017; 2018; 2019,2018,88_c,6638003.182,671823.4315,22.3904,,
kilsjon,plot_88,CT,february_2019,trap_180,2018; 2019,NA,NA,NA,NA,88_180,NA,NA,22.3904,,
kilsjon,plot_88,CT,february_2019,trap_60,2018; 2019,NA,NA,NA,NA,88_60,NA,NA,22.3904,,
kilsjon,plot_88,CT,february_2019,trap_300,2018; 2019,NA,NA,NA,NA,88_300,NA,NA,22.3904,,
kungshamn,plot_301,NF,NA,trap_0,2017; 2018,NA,NA,NA,NA,301_0,6629218.468,649461.867,47.061,,
kungshamn,plot_301,NF,NA,trap_120,2017; 2018,NA,NA,NA,NA,301_120,6629175.801,649449.743,43.288,,
kungshamn,plot_301,NF,NA,trap_240,2017; 2018,NA,NA,NA,NA,301_240,6629206.075,649420.222,44.607,,
kungshamn,plot_301,NF,NA,NA,NA,west,2017; 2018; 2019,NA,NA,301_270,6629217.444,649437.168,43.757,,
kungshamn,plot_301,NF,NA,NA,NA,east,2017; 2018; 2019,NA,NA,301_90,6629181.44,649467.89,44.73,,
kungshamn,plot_301,NF,NA,NA,NA,NA,NA,2016; 2017; 2018,NA,301_c,6629193.838,649449.644,46.921,Old name = UP1,
kyrkstigen,plot_118,NF,NA,trap_0,2017; 2018,NA,NA,NA,NA,118_0,6631229.302,664953.084,48.016,,
kyrkstigen,plot_118,NF,NA,trap_120,2017; 2018,NA,NA,NA,NA,118_120,6631194.834,664976.209,46.811,,
kyrkstigen,plot_118,NF,NA,trap_240,2017; 2018,NA,NA,NA,NA,118_240,6631200.857,664934.489,47.349,,
kyrkstigen,plot_118,NF,NA,NA,NA,west,2017; 2018; 2019,NA,NA,118_270,6631203.972,664926.773,48.423,,
kyrkstigen,plot_118,NF,NA,NA,NA,east,2017; 2018; 2019,NA,NA,118_90,6631215.323,664980.152,48.93,,
kyrkstigen,plot_118,NF,NA,NA,NA,NA,NA,2017; 2018,NA,118_c,6631212.857,664954.418,49.928,,
kyrkstigen,plot_122,NF,NA,trap_0,2017; 2018,NA,NA,NA,NA,122_0,6632609.001,665271.381,48.071,,
kyrkstigen,plot_122,NF,NA,trap_120,2017; 2018,NA,NA,NA,NA,122_120,6632572.849,665286.972,51.586,,
kyrkstigen,plot_122,NF,NA,trap_240,2017; 2018,NA,NA,NA,NA,122_240,6632570.329,665247.737,47.873,,
kyrkstigen,plot_122,NF,NA,NA,NA,west,2017; 2018; 2019,NA,NA,122_270,6632588.459,665244.92,48.204,,
kyrkstigen,plot_122,NF,NA,NA,NA,east,2017; 2018; 2019,NA,NA,122_90,6632586.967,665291.215,48.948,,
kyrkstigen,plot_122,NF,NA,NA,NA,NA,NA,2017; 2018,NA,122_c,6632585.892,665267.564,48.628,,
kyrkstigen,plot_50,CT,february_2018,trap_0,2017; 2018,NA,NA,NA,NA,50_0,6632065.399,665361.247,37.345,,
kyrkstigen,plot_50,CT,february_2018,trap_120,2017; 2018,NA,NA,NA,NA,50_120,6632031.979,665374.104,43.049,,
kyrkstigen,plot_50,CT,february_2018,trap_240,2017; 2018,NA,NA,NA,NA,50_240,6632039.962,665336.196,44.525,,
kyrkstigen,plot_50,CT,february_2018,NA,NA,west,2017; 2018; 2019,NA,NA,50_270,6632049.702,665332.458,44.205,,
kyrkstigen,plot_50,CT,february_2018,NA,NA,east,2017; 2018; 2019,NA,NA,50_90,6632044.511,665379.179,53.109,,
kyrkstigen,plot_50,CT,february_2018,NA,NA,NA,NA,2017; 2018,2018,50_c,6632045.361,665354.9306,44.4466,,
kyrkstigen,plot_52,CR,february_2018,trap_0,2017; 2018,NA,NA,NA,NA,52_0,6631895.566,665336.573,44.686,Thinning occurred on parts of plot,
kyrkstigen,plot_52,CR,february_2018,trap_120,2017; 2018,NA,NA,NA,NA,52_120,6631860.064,665340.344,55.193,Thinning occurred on parts of plot,
kyrkstigen,plot_52,CR,february_2018,trap_240,2017; 2018,NA,NA,NA,NA,52_240,6631862.268,665314.715,45.25,Thinning occurred on parts of plot,
kyrkstigen,plot_52,CR,february_2018,NA,NA,west,2017; 2018; 2019,NA,NA,52_270,6631871.867,665313.163,43.753,Thinning occurred on parts of plot,
kyrkstigen,plot_52,CR,february_2018,NA,NA,east,2017; 2018; 2019,NA,2018,52_90,6631873.811,665356.847,50.44,Thinning occurred on parts of plot,
kyrkstigen,plot_52,CR,february_2018,NA,NA,NA,NA,2017; 2018,NA,52_c,6631870.922,665331.9727,47.8644,Thinning occurred on parts of plot,
kyrkstigen,plot_53,URT,february_2018,trap_0,2017; 2018,NA,NA,NA,NA,53_0,6631765.132,665407.764,41.706,,
kyrkstigen,plot_53,URT,february_2018,trap_120,2017; 2018,NA,NA,NA,NA,53_120,6631734.822,665419.14,41.335,,
kyrkstigen,plot_53,URT,february_2018,trap_240,2017; 2018,NA,NA,NA,NA,53_240,6631733.833,665384.826,43.583,,
kyrkstigen,plot_53,URT,february_2018,NA,NA,west,2017; 2018; 2019,NA,2018,53_270,6631746.873,665380.417,46.215,,
kyrkstigen,plot_53,URT,february_2018,NA,NA,east,2017; 2018; 2019,NA,NA,53_90,6631740.091,665424.802,41.584,,
kyrkstigen,plot_53,URT,february_2018,NA,NA,NA,NA,2017; 2018,NA,53_c,6631744.09,665401.967,42.8846,,
kyrkstigen,plot_55,CT,february_2018,trap_0,2017; 2018,NA,NA,NA,NA,55_0,6631461.609,665182.555,43.323,,
kyrkstigen,plot_55,CT,february_2018,trap_120,2017; 2018,NA,NA,NA,NA,55_120,6631436.474,665194.355,45.121,,
kyrkstigen,plot_55,CT,february_2018,trap_240,2017; 2018,NA,NA,NA,NA,55_240,6631440.61,665157.648,45.298,,
kyrkstigen,plot_55,CT,february_2018,NA,NA,west,2017; 2018; 2019,NA,NA,55_270,6631437.925,665149.713,44.642,,
kyrkstigen,plot_55,CT,february_2018,NA,NA,east,2017; 2018; 2019,NA,NA,55_90,6631443.603,665199.113,43.206,,
kyrkstigen,plot_55,CT,february_2018,NA,NA,NA,NA,2017; 2018,2018,55_c,6631442.582,665176.2683,44.318,,
kyrkstigen,plot_56,URT,february_2018,trap_0,2017; 2018,NA,NA,NA,NA,56_0,6631225.365,665106.469,41.707,,
kyrkstigen,plot_56,URT,february_2018,trap_120,2017; 2018,NA,NA,NA,NA,56_120,6631190.174,665118.821,43.401,,
kyrkstigen,plot_56,URT,february_2018,trap_240,2017; 2018,NA,NA,NA,NA,56_240,6631188.472,665074.106,46.119,,
kyrkstigen,plot_56,URT,february_2018,NA,NA,west,2017; 2018; 2019,NA,NA,56_270,6631206.718,665076.203,48.814,,
kyrkstigen,plot_56,URT,february_2018,NA,NA,east,2017; 2018; 2019,NA,NA,56_90,6631200.751,665122.618,41.429,,
kyrkstigen,plot_56,URT,february_2018,NA,NA,NA,NA,2017; 2018,2018,56_c,6631200.676,665098.4684,44.294,,
kyrkstigen,plot_58,CR,february_2018,trap_0,2017; 2018,NA,NA,NA,NA,58_0,6631335.397,665333.339,41.411,,
kyrkstigen,plot_58,CR,february_2018,trap_120,2017; 2018,NA,NA,NA,NA,58_120,6631298.391,665343.209,39.556,,
kyrkstigen,plot_58,CR,february_2018,trap_240,2017; 2018,NA,NA,NA,NA,58_240,6631296.263,665307.021,41.97,,
kyrkstigen,plot_58,CR,february_2018,NA,NA,west,2017; 2018; 2019,NA,NA,58_270,6631314.579,665301.077,38.687,,
kyrkstigen,plot_58,CR,february_2018,NA,NA,east,2017; 2018; 2019,NA,2018,58_90,6631300.093,665349.008,42.54,,
kyrkstigen,plot_58,CR,february_2018,NA,NA,NA,NA,2017; 2018,NA,58_c,6631311.113,665323.256,40.8328,,
kyrkstigen,plot_60,CT,february_2018,trap_0,2017; 2018,NA,NA,NA,NA,60_0,6631107.096,665019.502,43.348,,
kyrkstigen,plot_60,CT,february_2018,trap_120,2017; 2018,NA,NA,NA,NA,60_120,6631073.085,665033.946,47.993,,
kyrkstigen,plot_60,CT,february_2018,trap_240,2017; 2018,NA,NA,NA,NA,60_240,6631066.411,665005.826,40.884,,
kyrkstigen,plot_60,CT,february_2018,NA,NA,west,2017; 2018; 2019,NA,NA,60_270,6631084.035,664992.249,41.057,,
kyrkstigen,plot_60,CT,february_2018,NA,NA,east,2017; 2018; 2019,NA,2018,60_90,6631076.114,665042.546,41.034,,
kyrkstigen,plot_60,CT,february_2018,NA,NA,NA,NA,2017; 2018,NA,60_c,6631080.026,665018.2826,42.8632,,
orsjon,plot_116,NF,NA,trap_0,2017; 2018; 2019,NA,NA,NA,NA,116_0,6633598.091,673870.289,29.77,,
orsjon,plot_116,NF,NA,trap_120,2017; 2018; 2019,NA,NA,NA,NA,116_120,6633559.783,673887.873,28.883,,
orsjon,plot_116,NF,NA,trap_240,2017; 2018; 2019,NA,NA,NA,NA,116_240,6633561.016,673851.225,29.757,,
orsjon,plot_116,NF,NA,NA,NA,west,2017; 2018,NA,NA,116_270,6633576.901,673844.79,30.099,,
orsjon,plot_116,NF,NA,NA,NA,east,2017; 2018,NA,NA,116_90,6633573.822,673893.603,32.256,,
orsjon,plot_116,NF,NA,NA,NA,NA,NA,2017; 2018; 2019,NA,116_c,6633574.454,673868.862,29.837,,
orsjon,plot_73,CT,january_2019,trap_0,2017; 2018; 2019,NA,NA,NA,NA,73_0,6633175.988,674004.143,32.642,,
orsjon,plot_73,CT,january_2019,trap_120,2017; 2018; 2019,NA,NA,NA,NA,73_120,6633140.556,674029.172,33.625,,
orsjon,plot_73,CT,january_2019,trap_240,2017; 2018; 2019,NA,NA,NA,NA,73_240,6633144.667,673985.822,35.715,,
orsjon,plot_73,CT,january_2019,NA,NA,west,2017; 2018; 2019,NA,NA,73_270,6633147.793,673984.859,38.696,,
orsjon,plot_73,CT,january_2019,NA,NA,east,2017; 2018; 2019,NA,2018,73_90,6633153.814,674031.341,34.714,,
orsjon,plot_73,CT,january_2019,NA,NA,NA,NA,2017; 2018; 2019,NA,73_c,6633151.734,674007.1294,35.890625,,
orsjon,plot_73,CT,january_2019,trap_180,2018; 2019,NA,NA,NA,NA,73_180,NA,NA,35.890625,,
orsjon,plot_73,CT,january_2019,trap_60,2018; 2019,NA,NA,NA,NA,73_60,NA,NA,35.890625,,
orsjon,plot_73,CT,january_2019,trap_300,2018; 2019,NA,NA,NA,NA,73_300,NA,NA,35.890625,,
orsjon,plot_74,CR,january_2019,trap_0,2017; 2018; 2019,NA,NA,NA,NA,74_0,6633231.955,674106.403,32.957,,
orsjon,plot_74,CR,january_2019,trap_120,2017; 2018; 2019,NA,NA,NA,NA,74_120,6633195.552,674128.809,29.265,,
orsjon,plot_74,CR,january_2019,trap_240,2017; 2018; 2019,NA,NA,NA,NA,74_240,6633204.38,674086.913,31.178,,
orsjon,plot_74,CR,january_2019,NA,NA,west,2017; 2018; 2019,NA,NA,74_270,6633226.062,674080.353,34.008,,
orsjon,plot_74,CR,january_2019,NA,NA,east,2017; 2018; 2019,NA,NA,74_90,6633202.864,674130.075,28.981,,
orsjon,plot_74,CR,january_2019,NA,NA,NA,NA,2017; 2018; 2019,2018,74_c,6633213.877,674108.4468,31.2778,,
orsjon,plot_74,CR,january_2019,trap_180,2018; 2019,NA,NA,NA,NA,74_180,NA,NA,31.2778,,
orsjon,plot_74,CR,january_2019,trap_60,2018; 2019,NA,NA,NA,NA,74_60,NA,NA,31.2778,,
orsjon,plot_74,CR,january_2019,trap_300,2018; 2019,NA,NA,NA,NA,74_300,NA,NA,31.2778,,
orsjon,plot_75,URT,january_2019,trap_0,2017; 2018; 2019,NA,NA,NA,NA,75_0,6633270.799,674018.601,33.586,,
orsjon,plot_75,URT,january_2019,trap_120,2017; 2018; 2019,NA,NA,NA,NA,75_120,6633244.202,674031.735,32.467,,
orsjon,plot_75,URT,january_2019,trap_240,2017; 2018; 2019,NA,NA,NA,NA,75_240,6633238.455,673993.684,32.974,,
orsjon,plot_75,URT,january_2019,NA,NA,west,2017; 2018; 2019,NA,2018,75_270,6633253.288,673995.853,33.476,,
orsjon,plot_75,URT,january_2019,NA,NA,east,2017; 2018; 2019,NA,NA,75_90,6633259.519,674038.418,34.993,,
orsjon,plot_75,URT,january_2019,NA,NA,NA,NA,2017; 2018; 2019,NA,75_c,6633251.654,674014.341,33.4992,,
orsjon,plot_75,URT,january_2019,trap_180,2018; 2019,NA,NA,NA,NA,75_180,NA,NA,33.4992,,
orsjon,plot_75,URT,january_2019,trap_60,2018; 2019,NA,NA,NA,NA,75_60,NA,NA,33.4992,,
orsjon,plot_75,URT,january_2019,trap_300,2018; 2019,NA,NA,NA,NA,75_300,NA,NA,33.4992,,
orsjon,plot_79,CT,january_2019,trap_0,2017; 2018; 2019,NA,NA,NA,NA,79_0,6633840.87,674164.496,35.112,,
orsjon,plot_79,CT,january_2019,trap_120,2017; 2018; 2019,NA,NA,NA,NA,79_120,6633810.419,674188.092,46.113,,
orsjon,plot_79,CT,january_2019,trap_240,2017; 2018; 2019,NA,NA,NA,NA,79_240,6633808.418,674137.208,34.74,,
orsjon,plot_79,CT,january_2019,NA,NA,west,2017; 2018; 2019,NA,2018,79_270,6633815.564,674137.405,34.617,,
orsjon,plot_79,CT,january_2019,NA,NA,east,2017; 2018; 2019,NA,NA,79_90,6633821.505,674187.714,37.613,,
orsjon,plot_79,CT,january_2019,NA,NA,NA,NA,2017; 2018; 2019,NA,79_c,6633818.326,674159.9731,37.639,,
orsjon,plot_79,CT,january_2019,trap_180,2018; 2019,NA,NA,NA,NA,79_180,NA,NA,37.639,,
orsjon,plot_79,CT,january_2019,trap_60,2018; 2019,NA,NA,NA,NA,79_60,NA,NA,37.639,,
orsjon,plot_79,CT,january_2019,trap_300,2018; 2019,NA,NA,NA,NA,79_300,NA,NA,37.639,,
ravsta,plot_201,NF,NA,trap_0,2017; 2018,NA,NA,NA,NA,201_0,6612117.195,656047.796,52.554,,
ravsta,plot_201,NF,NA,trap_120,2017; 2018,NA,NA,NA,NA,201_120,6612082.125,656066.451,51.154,,
ravsta,plot_201,NF,NA,trap_240,2017; 2018,NA,NA,NA,NA,201_240,6612098.508,656027.233,48.818,,
ravsta,plot_201,NF,NA,NA,NA,west,2017; 2018; 2019,NA,NA,201_270,6612101.202,656031.849,49.376,,
ravsta,plot_201,NF,NA,NA,NA,east,2017; 2018; 2019,NA,NA,201_90,6612095.834,656074.66,61.825,,
ravsta,plot_201,NF,NA,NA,NA,NA,NA,2016; 2017; 2018,NA,201_c,6612100.291,656053.285,51.896,Old name = SIG1,
ravsta,plot_202,NF,NA,trap_0,2017; 2018,NA,NA,NA,NA,202_0,6612412.73,656136.077,40.583,,
ravsta,plot_202,NF,NA,trap_120,2017; 2018,NA,NA,NA,NA,202_120,6612370.819,656147.528,37.562,,
ravsta,plot_202,NF,NA,trap_240,2017; 2018,NA,NA,NA,NA,202_240,6612378.991,656118.532,34.41,,
ravsta,plot_202,NF,NA,NA,NA,west,2017; 2018; 2019,NA,NA,202_270,6612397.84,656112.782,32.432,,
ravsta,plot_202,NF,NA,NA,NA,east,2017; 2018; 2019,NA,NA,202_90,6612381.758,656162.977,39.749,,
ravsta,plot_202,NF,NA,NA,NA,NA,NA,2016; 2017; 2018,NA,202_c,6612388.913,656136.052,34.415,Old name = SIG2,
ravsta,plot_203,NF,NA,trap_0,2017; 2018,NA,NA,NA,NA,203_0,6611308.412,655835.164,42.935,,
ravsta,plot_203,NF,NA,trap_120,2017; 2018,NA,NA,NA,NA,203_120,6611298.446,655876.908,40.591,,
ravsta,plot_203,NF,NA,trap_240,2017; 2018,NA,NA,NA,NA,203_240,6611260.589,655849.915,43.883,,
ravsta,plot_203,NF,NA,NA,NA,west,2017; 2018; 2019,NA,NA,203_270,6611293.1,655831.988,44.062,,
ravsta,plot_203,NF,NA,NA,NA,east,2017; 2018; 2019,NA,NA,203_90,6611281.124,655881.121,41.46,,
ravsta,plot_203,NF,NA,NA,NA,NA,NA,2016; 2017; 2018,NA,203_c,6611283.247,655856.553,43.213,Old name = SIG3,
ravsta,plot_210,NF,NA,trap_0,2017; 2018,NA,NA,NA,NA,210_0,6612276.812,656035.111,46.317,,
ravsta,plot_210,NF,NA,trap_120,2017; 2018,NA,NA,NA,NA,210_120,6612247.278,656071.274,41.479,,
ravsta,plot_210,NF,NA,trap_240,2017; 2018,NA,NA,NA,NA,210_240,6612250.613,656028.201,46.075,,
ravsta,plot_210,NF,NA,NA,NA,west,2017; 2018; 2019,NA,NA,210_270,6612267.541,656030.646,56.523,,
ravsta,plot_210,NF,NA,NA,NA,east,2017; 2018; 2019,NA,NA,210_90,6612268.256,656075.953,42.081,,
ravsta,plot_210,NF,NA,NA,NA,NA,NA,2016; 2017; 2018,NA,210_c,6612245.344,656049.916,47.147,Old name = SIG10,
ravsta,plot_211,NF,NA,trap_0,2017; 2018,NA,NA,NA,NA,211_0,6612741.592,656167.724,25.827,,
ravsta,plot_211,NF,NA,trap_120,2017; 2018,NA,NA,NA,NA,211_120,6612699.147,656190.391,24.882,,
ravsta,plot_211,NF,NA,trap_240,2017; 2018,NA,NA,NA,NA,211_240,6612706.082,656151.716,24.021,,
ravsta,plot_211,NF,NA,NA,NA,west,2017; 2018; 2019,NA,NA,211_270,6612717.011,656150.772,24.106,Trees removed around box October 2017,
ravsta,plot_211,NF,NA,NA,NA,east,2017; 2018; 2019,NA,NA,211_90,6612711.667,656196.831,27.333,Trees removed around box October 2017,
ravsta,plot_211,NF,NA,NA,NA,NA,NA,2016; 2017; 2018,NA,211_c,6612724.211,656171.807,28.999,Old name = SIG11,
soderlejde,plot_12,URT,november_2017,trap_0,2017; 2018,NA,NA,NA,NA,12_0,6641338.394,662735.612,36.616,,
soderlejde,plot_12,URT,november_2017,trap_120,2017; 2018,NA,NA,NA,NA,12_120,6641304.192,662755.122,38.074,,
soderlejde,plot_12,URT,november_2017,trap_240,2017; 2018,NA,NA,NA,NA,12_240,6641304.345,662710.084,41.29,,
soderlejde,plot_12,URT,november_2017,NA,NA,west,2017; 2018; 2019,NA,NA,12_270,6641316.707,662702.39,39.459,,
soderlejde,plot_12,URT,november_2017,NA,NA,east,2017; 2018; 2019,NA,2018,12_90,6641314.976,662759.876,40.595,,
soderlejde,plot_12,URT,november_2017,NA,NA,NA,NA,2017; 2018,NA,12_c,6641318.053,662730.3406,39.2068,,
soderlejde,plot_13,CT,november_2017,trap_0,2017; 2018,NA,NA,NA,NA,13_0,6641370.161,662833.523,36.228,,
soderlejde,plot_13,CT,november_2017,trap_120,2017; 2018,NA,NA,NA,NA,13_120,6641333.45,662844.605,39.561,,
soderlejde,plot_13,CT,november_2017,trap_240,2017; 2018,NA,NA,NA,NA,13_240,6641341.099,662804.049,36.08,,
soderlejde,plot_13,CT,november_2017,NA,NA,west,2017; 2018; 2019,NA,2018,13_270,6641345.657,662798.877,39.691,,
soderlejde,plot_13,CT,november_2017,NA,NA,east,2017; 2018; 2019,NA,NA,13_90,6641347.607,662852.411,40.368,,
soderlejde,plot_13,CT,november_2017,NA,NA,NA,NA,2017; 2018,NA,13_c,6641349.906,662828.8883,38.3856,,
soderlejde,plot_17,CR,november_2017,trap_0,2017; 2018,NA,NA,NA,NA,17_0,6640995.329,662954.322,36.214,partly thinned,
soderlejde,plot_17,CR,november_2017,trap_120,2017; 2018,NA,NA,NA,NA,17_120,6640954.116,662974.53,44.486,partly thinned,
soderlejde,plot_17,CR,november_2017,trap_240,2017; 2018,NA,NA,NA,NA,17_240,6640959.356,662929.181,40.358,partly thinned,
soderlejde,plot_17,CR,november_2017,NA,NA,west,2017; 2018; 2019,NA,NA,17_270,6640968.078,662930.235,48.339,partly thinned,
soderlejde,plot_17,CR,november_2017,NA,NA,east,2017; 2018; 2019,NA,2018,17_90,6640967.575,662980.738,41.023,partly thinned,
soderlejde,plot_17,CR,november_2017,NA,NA,NA,NA,2017; 2018,NA,17_c,6640970.617,662955.5692,42.084,partly thinned,
soderlejde,plot_19,CT,november_2017,trap_0,2017; 2018,NA,NA,NA,NA,19_0,6641134.025,662529.631,40.403,,
soderlejde,plot_19,CT,november_2017,trap_120,2017; 2018,NA,NA,NA,NA,19_120,6641097.272,662555.622,43.657,,
soderlejde,plot_19,CT,november_2017,trap_240,2017; 2018,NA,NA,NA,NA,19_240,6641103.042,662507.729,37.77,,
soderlejde,plot_19,CT,november_2017,NA,NA,west,2017; 2018; 2019,NA,NA,19_270,6641114.887,662504.05,40.091,,
soderlejde,plot_19,CT,november_2017,NA,NA,east,2017; 2018; 2019,NA,NA,19_90,6641117.367,662554.922,46.3,,
soderlejde,plot_19,CT,november_2017,NA,NA,NA,NA,2017; 2018,2018,19_c,6641117.29,662532.5261,41.6442,,
soderlejde,plot_20,CR,november_2017,trap_0,2017; 2018,NA,NA,NA,NA,20_0,6641086.741,662658.494,45.135,,
soderlejde,plot_20,CR,november_2017,trap_120,2017; 2018,NA,NA,NA,NA,20_120,6641055.439,662664.907,47.748,,
soderlejde,plot_20,CR,november_2017,trap_240,2017; 2018,NA,NA,NA,NA,20_240,6641061.881,662638.153,46.392,,
soderlejde,plot_20,CR,november_2017,NA,NA,west,2017; 2018; 2019,NA,NA,20_270,6641062.495,662629.352,43.705,,
soderlejde,plot_20,CR,november_2017,NA,NA,east,2017; 2018; 2019,NA,2018,20_90,6641067.486,662676.255,45.623,,
soderlejde,plot_20,CR,november_2017,NA,NA,NA,NA,2017; 2018,NA,20_c,6641068.436,662655.0479,45.7206,,
soderlejde,plot_23,CR,november_2017,trap_0,2017; 2018,NA,NA,NA,NA,23_0,6641494.85,662468.066,34.241,,
soderlejde,plot_23,CR,november_2017,trap_120,2017; 2018,NA,NA,NA,NA,23_120,6641448.892,662497.755,37.559,,
soderlejde,plot_23,CR,november_2017,trap_240,2017; 2018,NA,NA,NA,NA,23_240,6641453.107,662459.356,37.383,,
soderlejde,plot_23,CR,november_2017,NA,NA,west,2017; 2018; 2019,NA,2018,23_270,6641473.089,662450.664,40.101,,
soderlejde,plot_23,CR,november_2017,NA,NA,east,2017; 2018; 2019,NA,NA,23_90,6641463.167,662504.636,39.141,,
soderlejde,plot_23,CR,november_2017,NA,NA,NA,NA,2017; 2018,NA,23_c,6641464.497,662477.4603,,,
soderlejde,plot_25,URT,november_2017,trap_0,2017; 2018,NA,NA,NA,NA,25_0,6641232,662374.807,38.5,,
soderlejde,plot_25,URT,november_2017,trap_120,2017; 2018,NA,NA,NA,NA,25_120,6641193.174,662389.871,42.403,,
soderlejde,plot_25,URT,november_2017,trap_240,2017; 2018,NA,NA,NA,NA,25_240,6641190.895,662344.091,46.424,,
soderlejde,plot_25,URT,november_2017,NA,NA,west,2017; 2018; 2019,NA,NA,25_270,6641210.641,662339.724,39.53,,
soderlejde,plot_25,URT,november_2017,NA,NA,east,2017; 2018; 2019,NA,NA,25_90,6641211.927,662394.062,39.194,,
soderlejde,plot_25,URT,november_2017,NA,NA,NA,NA,2017; 2018,2018,25_c,6641210.483,662368.2744,41.2102,only 122 umbrella spruces on plot,
soderlejde,plot_26,CR,november_2017,trap_0,2017; 2018,NA,NA,NA,NA,26_0,6641716.115,662243.773,32.308,,
soderlejde,plot_26,CR,november_2017,trap_120,2017; 2018,NA,NA,NA,NA,26_120,6641700.268,662257.665,32.019,,
soderlejde,plot_26,CR,november_2017,trap_240,2017; 2018,NA,NA,NA,NA,26_240,6641687.862,662227.807,28.028,,
soderlejde,plot_26,CR,november_2017,NA,NA,west,2017; 2018; 2019,NA,NA,26_270,6641693.257,662216.832,26.6,,
soderlejde,plot_26,CR,november_2017,NA,NA,east,2017; 2018; 2019,NA,NA,26_90,6641692.05,662266.234,24.951,,
soderlejde,plot_26,CR,november_2017,NA,NA,NA,NA,2017; 2018,2018,26_c,6641696.013,662242.8995,28.7812,,
soderlejde,plot_29,URT,november_2017,trap_0,2017; 2018,NA,NA,NA,NA,29_0,6641343.002,662342.341,35.665,,
soderlejde,plot_29,URT,november_2017,trap_120,2017; 2018,NA,NA,NA,NA,29_120,6641304.233,662367.458,40.021,,
soderlejde,plot_29,URT,november_2017,trap_240,2017; 2018,NA,NA,NA,NA,29_240,6641302.896,662318.525,32.869,,
soderlejde,plot_29,URT,november_2017,NA,NA,west,2017; 2018; 2019,NA,NA,29_270,6641314.012,662315.166,32.852,,
soderlejde,plot_29,URT,november_2017,NA,NA,east,2017; 2018; 2019,NA,2018,29_90,6641314.132,662369.313,39.538,,
soderlejde,plot_29,URT,november_2017,NA,NA,NA,NA,2017; 2018,NA,29_c,6641316.372,662342.3881,36.189,,
soderlejde,plot_30,NF,NA,trap_0,2017; 2018,NA,NA,NA,NA,30_0,6641424.807,661982.797,19.266,,
soderlejde,plot_30,NF,NA,trap_120,2017; 2018,NA,NA,NA,NA,30_120,6641383.789,661996.667,36.463,,
soderlejde,plot_30,NF,NA,trap_240,2017; 2018,NA,NA,NA,NA,30_240,6641390.304,661957.878,26.794,,
soderlejde,plot_30,NF,NA,NA,NA,west,2017; 2018; 2019,NA,NA,30_270,6641402.932,661954.289,27.198,,
soderlejde,plot_30,NF,NA,NA,NA,east,2017; 2018; 2019,NA,NA,30_90,6641397.195,661999.411,27.307,,
soderlejde,plot_30,NF,NA,NA,NA,NA,NA,2017; 2018,NA,30_c,6641402.233,661979.2732,27.4056,,
soderlejde,plot_31,CR,november_2017,trap_0,2017; 2018,NA,NA,NA,NA,31_0,6641341.857,662039.407,24.876,,
soderlejde,plot_31,CR,november_2017,trap_120,2017; 2018,NA,NA,NA,NA,31_120,6641310.266,662049.617,30.627,,
soderlejde,plot_31,CR,november_2017,trap_240,2017; 2018,NA,NA,NA,NA,31_240,6641306.327,662021.469,25.495,,
soderlejde,plot_31,CR,november_2017,NA,NA,west,2017; 2018; 2019,NA,2018,31_270,6641319.214,662010.259,24.508,,
soderlejde,plot_31,CR,november_2017,NA,NA,east,2017; 2018; 2019,NA,NA,31_90,6641316.277,662057.933,32.683,,
soderlejde,plot_31,CR,november_2017,NA,NA,NA,NA,2017; 2018,NA,31_c,6641318.317,662034.2088,27.6378,,
soderlejde,plot_5,URT,november_2017,trap_0,2017; 2018,NA,NA,NA,NA,5_0,6641343.838,662954.478,32.794,,
soderlejde,plot_5,URT,november_2017,trap_120,2017; 2018,NA,NA,NA,NA,5_120,6641297.24,662974.51,35.535,,
soderlejde,plot_5,URT,november_2017,trap_240,2017; 2018,NA,NA,NA,NA,5_240,6641302.376,662940.86,33.877,,
soderlejde,plot_5,URT,november_2017,NA,NA,west,2017; 2018; 2019,NA,NA,5_270,6641316.454,662927.417,41.867,,
soderlejde,plot_5,URT,november_2017,NA,NA,east,2017; 2018; 2019,NA,NA,5_90,6641312.86,662987.192,35.62,,
soderlejde,plot_5,URT,november_2017,NA,NA,NA,NA,2017; 2018,2018,5_c,6641313.748,662958.5885,35.9386,,
sodersjon,plot_100,CR,no_thinning_done,trap_0,2017; 2018,NA,NA,NA,NA,100_0,6638400.52,674134.794,31.89,storm alfrida january 2019,
sodersjon,plot_100,CR,no_thinning_done,trap_120,2017; 2018,NA,NA,NA,NA,100_120,6638353.254,674168.871,32.664,storm alfrida january 2019,
sodersjon,plot_100,CR,no_thinning_done,trap_240,2017; 2018,NA,NA,NA,NA,100_240,6638369.168,674107.907,36.345,storm alfrida january 2019,
sodersjon,plot_100,CR,no_thinning_done,NA,NA,west,2017; 2018,NA,2018,100_270,6638385.428,674113.389,30.613,storm alfrida january 2019,
sodersjon,plot_100,CR,no_thinning_done,NA,NA,east,2017; 2018,NA,NA,100_90,6638370.575,674161.021,31.551,storm alfrida january 2019,
sodersjon,plot_100,CR,no_thinning_done,NA,NA,NA,NA,2017; 2018,NA,100_c,6638379.803,674138.2809,32.6126,storm alfrida january 2019,
sodersjon,plot_100,CR,no_thinning_done,trap_180,2018,NA,NA,NA,NA,100_180,NA,NA,32.6126,storm alfrida january 2019,
sodersjon,plot_100,CR,no_thinning_done,trap_60,2018,NA,NA,NA,NA,100_60,NA,NA,32.6126,storm alfrida january 2019,
sodersjon,plot_100,CR,no_thinning_done,trap_300,2018,NA,NA,NA,NA,100_300,NA,NA,32.6126,storm alfrida january 2019,
sodersjon,plot_117,NF,NA,trap_0,2017; 2018,NA,NA,NA,NA,117_0,6637240.985,674262.932,28.164,storm alfrida january 2019,
sodersjon,plot_117,NF,NA,trap_120,2017; 2018,NA,NA,NA,NA,117_120,6637203.415,674286.628,24.341,storm alfrida january 2019,
sodersjon,plot_117,NF,NA,trap_240,2017; 2018,NA,NA,NA,NA,117_240,6637206.153,674238.005,33.469,storm alfrida january 2019,
sodersjon,plot_117,NF,NA,NA,NA,west,2017; 2018,NA,NA,117_270,6637217.644,674236.824,29.959,storm alfrida january 2019,
sodersjon,plot_117,NF,NA,NA,NA,east,2017; 2018,NA,NA,117_90,6637216.248,674286.44,27.122,storm alfrida january 2019,
sodersjon,plot_117,NF,NA,NA,NA,NA,NA,2017; 2018,NA,117_c,6637205.909,674259.456,43.315,storm alfrida january 2019,
sodersjon,plot_89,CT,no_thinning_done,trap_0,2017; 2018,NA,NA,NA,NA,89_0,6637632.866,674374.954,30.878,storm alfrida january 2019,
sodersjon,plot_89,CT,no_thinning_done,trap_120,2017; 2018,NA,NA,NA,NA,89_120,6637598.698,674391.942,27.81,storm alfrida january 2019,
sodersjon,plot_89,CT,no_thinning_done,trap_240,2017; 2018,NA,NA,NA,NA,89_240,6637593.111,674349.824,33.562,storm alfrida january 2019,
sodersjon,plot_89,CT,no_thinning_done,NA,NA,west,2017; 2018,NA,NA,89_270,6637613.028,674347.39,30.592,storm alfrida january 2019,
sodersjon,plot_89,CT,no_thinning_done,NA,NA,east,2017; 2018,NA,NA,89_90,6637607.906,674395.768,28.396,storm alfrida january 2019,
sodersjon,plot_89,CT,no_thinning_done,NA,NA,NA,NA,2017; 2018,2018,89_c,6637611.531,674373.1166,30.2476,storm alfrida january 2019,
sodersjon,plot_89,CT,no_thinning_done,trap_180,2018,NA,NA,NA,NA,89_180,NA,NA,30.2476,storm alfrida january 2019,
sodersjon,plot_89,CT,no_thinning_done,trap_60,2018,NA,NA,NA,NA,89_60,NA,NA,30.2476,storm alfrida january 2019,
sodersjon,plot_89,CT,no_thinning_done,trap_300,2018,NA,NA,NA,NA,89_300,NA,NA,30.2476,storm alfrida january 2019,
sodersjon,plot_90,URT,no_thinning_done,trap_0,2017; 2018,NA,NA,NA,NA,90_0,6637785.003,674394.885,35.131,storm alfrida january 2019,
sodersjon,plot_90,URT,no_thinning_done,trap_120,2017; 2018,NA,NA,NA,NA,90_120,6637741.465,674399.755,37.964,storm alfrida january 2019,
sodersjon,plot_90,URT,no_thinning_done,trap_240,2017; 2018,NA,NA,NA,NA,90_240,6637749.86,674361.845,33.097,storm alfrida january 2019,
sodersjon,plot_90,URT,no_thinning_done,NA,NA,west,2017; 2018,NA,NA,90_270,6637763.606,674362.909,31.02,storm alfrida january 2019,
sodersjon,plot_90,URT,no_thinning_done,NA,NA,east,2017; 2018,NA,2018,90_90,6637759.244,674407.114,39.147,storm alfrida january 2019,
sodersjon,plot_90,URT,no_thinning_done,NA,NA,NA,NA,2017; 2018,NA,90_c,6637761.706,674383.0612,35.2718,storm alfrida january 2019,
sodersjon,plot_90,URT,no_thinning_done,trap_180,2018,NA,NA,NA,NA,90_180,NA,NA,35.2718,storm alfrida january 2019,
sodersjon,plot_90,URT,no_thinning_done,trap_60,2018,NA,NA,NA,NA,90_60,NA,NA,35.2718,storm alfrida january 2019,
sodersjon,plot_90,URT,no_thinning_done,trap_300,2018,NA,NA,NA,NA,90_300,NA,NA,35.2718,storm alfrida january 2019,
sodersjon,plot_91,URT,no_thinning_done,trap_0,2017; 2018,NA,NA,NA,NA,91_0,6638025.907,674430.824,29.98,storm alfrida january 2019,
sodersjon,plot_91,URT,no_thinning_done,trap_120,2017; 2018,NA,NA,NA,NA,91_120,6637987.655,674458.503,27.704,storm alfrida january 2019,
sodersjon,plot_91,URT,no_thinning_done,trap_240,2017; 2018,NA,NA,NA,NA,91_240,6637986.11,674421.147,27.748,storm alfrida january 2019,
sodersjon,plot_91,URT,no_thinning_done,NA,NA,west,2017; 2018,NA,2018,91_270,6637996.165,674419.501,28.941,storm alfrida january 2019,
sodersjon,plot_91,URT,no_thinning_done,NA,NA,east,2017; 2018,NA,NA,91_90,6637992.763,674462.358,28.405,storm alfrida january 2019,
sodersjon,plot_91,URT,no_thinning_done,NA,NA,NA,NA,2017; 2018,NA,91_c,6638000.816,674438.5493,28.5556,storm alfrida january 2019,
sodersjon,plot_91,URT,no_thinning_done,trap_180,2018,NA,NA,NA,NA,91_180,NA,NA,28.5556,storm alfrida january 2019,
sodersjon,plot_91,URT,no_thinning_done,trap_60,2018,NA,NA,NA,NA,91_60,NA,NA,28.5556,storm alfrida january 2019,
sodersjon,plot_91,URT,no_thinning_done,trap_300,2018,NA,NA,NA,NA,91_300,NA,NA,28.5556,storm alfrida january 2019,
sodersjon,plot_94,CT,no_thinning_done,trap_0,2017; 2018,NA,NA,NA,NA,94_0,6638284.604,674513.292,26.887,storm alfrida january 2019,
sodersjon,plot_94,CT,no_thinning_done,trap_120,2017; 2018,NA,NA,NA,NA,94_120,6638236.719,674529.583,26.693,storm alfrida january 2019,
sodersjon,plot_94,CT,no_thinning_done,trap_240,2017; 2018,NA,NA,NA,NA,94_240,6638235.999,674488.11,29.481,storm alfrida january 2019,
sodersjon,plot_94,CT,no_thinning_done,NA,NA,west,2017; 2018,NA,2018,94_270,6638258.154,674491.983,27.761,storm alfrida january 2019,
sodersjon,plot_94,CT,no_thinning_done,NA,NA,east,2017; 2018,NA,NA,94_90,6638244.241,674535.422,27.22,storm alfrida january 2019,
sodersjon,plot_94,CT,no_thinning_done,NA,NA,NA,NA,2017; 2018,NA,94_c,6638252.052,674513.0758,27.6084,storm alfrida january 2019,
sodersjon,plot_94,CT,no_thinning_done,trap_180,2018,NA,NA,NA,NA,94_180,NA,NA,27.6084,storm alfrida january 2019,
sodersjon,plot_94,CT,no_thinning_done,trap_60,2018,NA,NA,NA,NA,94_60,NA,NA,27.6084,storm alfrida january 2019,
sodersjon,plot_94,CT,no_thinning_done,trap_300,2018,NA,NA,NA,NA,94_300,NA,NA,27.6084,storm alfrida january 2019,
sodersjon,plot_95,URT,no_thinning_done,trap_0,2017; 2018,NA,NA,NA,NA,95_0,6638171,674409.729,27.547,storm alfrida january 2019,
sodersjon,plot_95,URT,no_thinning_done,trap_120,2017; 2018,NA,NA,NA,NA,95_120,6638129.958,674435.487,27.772,storm alfrida january 2019,
sodersjon,plot_95,URT,no_thinning_done,trap_240,2017; 2018,NA,NA,NA,NA,95_240,6638138.543,674387.032,36.648,storm alfrida january 2019,
sodersjon,plot_95,URT,no_thinning_done,NA,NA,west,2017; 2018,NA,NA,95_270,6638158.868,674385.613,31.35,storm alfrida january 2019,
sodersjon,plot_95,URT,no_thinning_done,NA,NA,east,2017; 2018,NA,NA,95_90,6638151.527,674431.777,26.927,storm alfrida january 2019,
sodersjon,plot_95,URT,no_thinning_done,NA,NA,NA,NA,2017; 2018,2018,95_c,6638148.936,674407.398,30.0488,storm alfrida january 2019,
sodersjon,plot_95,URT,no_thinning_done,trap_180,2018,NA,NA,NA,NA,95_180,NA,NA,30.0488,storm alfrida january 2019,
sodersjon,plot_95,URT,no_thinning_done,trap_60,2018,NA,NA,NA,NA,95_60,NA,NA,30.0488,storm alfrida january 2019,
sodersjon,plot_95,URT,no_thinning_done,trap_300,2018,NA,NA,NA,NA,95_300,NA,NA,30.0488,storm alfrida january 2019,
sodersjon,plot_98,CT,no_thinning_done,trap_0,2017; 2018,NA,NA,NA,NA,98_0,6638408.743,674352.881,34.276,storm alfrida january 2019,
sodersjon,plot_98,CT,no_thinning_done,trap_120,2017; 2018,NA,NA,NA,NA,98_120,6638364.108,674380.988,33.199,storm alfrida january 2019,
sodersjon,plot_98,CT,no_thinning_done,trap_240,2017; 2018,NA,NA,NA,NA,98_240,6638371.5,674342.01,29.238,storm alfrida january 2019,
sodersjon,plot_98,CT,no_thinning_done,NA,NA,west,2017; 2018,NA,NA,98_270,6638390.946,674338.29,29.026,storm alfrida january 2019,
sodersjon,plot_98,CT,no_thinning_done,NA,NA,east,2017; 2018,NA,2018,98_90,6638376.462,674385.974,27.258,storm alfrida january 2019,
sodersjon,plot_98,CT,no_thinning_done,NA,NA,NA,NA,2017; 2018,NA,98_c,6638383.048,674361.5892,30.5994,storm alfrida january 2019,
sodersjon,plot_98,CT,no_thinning_done,trap_180,2018,NA,NA,NA,NA,98_180,NA,NA,30.5994,storm alfrida january 2019,
sodersjon,plot_98,CT,no_thinning_done,trap_60,2018,NA,NA,NA,NA,98_60,NA,NA,30.5994,storm alfrida january 2019,
sodersjon,plot_98,CT,no_thinning_done,trap_300,2018,NA,NA,NA,NA,98_300,NA,NA,30.5994,storm alfrida january 2019,
sodersjon,plot_99,CR,no_thinning_done,trap_0,2017; 2018,NA,NA,NA,NA,99_0,6638574.079,674340.679,29.832,storm alfrida january 2019,
sodersjon,plot_99,CR,no_thinning_done,trap_120,2017; 2018,NA,NA,NA,NA,99_120,6638527.373,674360.618,29.182,storm alfrida january 2019,
sodersjon,plot_99,CR,no_thinning_done,trap_240,2017; 2018,NA,NA,NA,NA,99_240,6638537.432,674322.294,31.274,storm alfrida january 2019,
sodersjon,plot_99,CR,no_thinning_done,NA,NA,west,2017; 2018,NA,NA,99_270,6638548.215,674322.244,29.752,storm alfrida january 2019,
sodersjon,plot_99,CR,no_thinning_done,NA,NA,east,2017; 2018,NA,NA,99_90,6638547.412,674367.995,30.226,storm alfrida january 2019,
sodersjon,plot_99,CR,no_thinning_done,NA,NA,NA,NA,2017; 2018,2018,99_c,6638547.707,674339.6347,30.0532,storm alfrida january 2019,
sodersjon,plot_99,CR,no_thinning_done,trap_180,2018,NA,NA,NA,NA,99_180,NA,NA,30.0532,storm alfrida january 2019,
sodersjon,plot_99,CR,no_thinning_done,trap_60,2018,NA,NA,NA,NA,99_60,NA,NA,30.0532,storm alfrida january 2019,
sodersjon,plot_99,CR,no_thinning_done,trap_300,2018,NA,NA,NA,NA,99_300,NA,NA,30.0532,storm alfrida january 2019,
stenby,plot_119,NF,NA,trap_0,2017; 2018,NA,NA,NA,NA,119_0,6627976.618,666394.363,39.663,,
stenby,plot_119,NF,NA,trap_120,2017; 2018,NA,NA,NA,NA,119_120,6627938.406,666416.827,33.884,,
stenby,plot_119,NF,NA,trap_180,2017; 2018,NA,NA,NA,NA,119_180,6627927.237,666393.925,34.538,,
stenby,plot_119,NF,NA,trap_240,2017; 2018,NA,NA,NA,NA,119_240,6627941.917,666375.971,39.214,,
stenby,plot_119,NF,NA,NA,NA,west,2017; 2018; 2019,NA,NA,119_270,6627952.691,666371.148,38.255,,
stenby,plot_119,NF,NA,trap_300,2017; 2018,NA,NA,NA,NA,119_300,6627965.86,666370.259,36.953,,
stenby,plot_119,NF,NA,trap_60,2017; 2018,NA,NA,NA,NA,119_60,6627963.845,666414.801,34.364,,
stenby,plot_119,NF,NA,NA,NA,east,2017; 2018; 2019,NA,NA,119_90,6627954.541,666414.233,34.354,,
stenby,plot_119,NF,NA,NA,NA,NA,NA,2017; 2018,2018,119_c,6627953.934,666393.292,37.877,,
stenby,plot_71,NF,NA,trap_0,2017; 2018,NA,NA,NA,NA,71_0,6627810.938,666316.501,41.736,,
stenby,plot_71,NF,NA,trap_120,2017; 2018,NA,NA,NA,NA,71_120,6627772.003,666333.609,36.444,,
stenby,plot_71,NF,NA,trap_180,2017; 2018,NA,NA,NA,NA,71_180,6627763.047,666309.437,35.918,,
stenby,plot_71,NF,NA,trap_240,2017; 2018,NA,NA,NA,NA,71_240,6627771.69,666284.731,52.454,,
stenby,plot_71,NF,NA,NA,NA,west,2017; 2018; 2019,NA,NA,71_270,6627786.716,666283.206,41.092,,
stenby,plot_71,NF,NA,trap_300,2017; 2018,NA,NA,NA,NA,71_300,6627802.813,666295.646,45.565,,
stenby,plot_71,NF,NA,trap_60,2017; 2018,NA,NA,NA,NA,71_60,6627797.797,666334.097,36.316,,
stenby,plot_71,NF,NA,NA,NA,east,2017; 2018; 2019,NA,2018,71_90,6627781.927,666334.745,37.923,,
stenby,plot_71,NF,NA,NA,NA,NA,NA,2017; 2018,NA,71_c,6627786.881,666311.4146,40.931,,
stenby,plot_72,NF,NA,trap_0,2017; 2018,NA,NA,NA,NA,72_0,6628043.768,666255.449,35.15,,
stenby,plot_72,NF,NA,trap_120,2017; 2018,NA,NA,NA,NA,72_120,6627999.295,666272.226,35.942,,
stenby,plot_72,NF,NA,trap_180,2017; 2018,NA,NA,NA,NA,72_180,6627989.455,666244.758,36.538,,
stenby,plot_72,NF,NA,trap_240,2017; 2018,NA,NA,NA,NA,72_240,6627997.908,666226.672,40.123,,
stenby,plot_72,NF,NA,NA,NA,west,2017; 2018; 2019,NA,2018,72_270,6628015.38,666225.166,38.198,,
stenby,plot_72,NF,NA,trap_300,2017; 2018,NA,NA,NA,NA,72_300,6628025.826,666228.286,36.288,,
stenby,plot_72,NF,NA,trap_60,2017; 2018,NA,NA,NA,NA,72_60,6628027.157,666266.758,40.424,,
stenby,plot_72,NF,NA,NA,NA,east,2017; 2018; 2019,NA,NA,72_90,6628017.9,666275.538,34.201,,
stenby,plot_72,NF,NA,NA,NA,NA,NA,2017; 2018,NA,72_c,6628014.999,666249.0073,37.108,,
stocksatra,plot_104,CR,march_2018,trap_0,2017; 2018,NA,NA,NA,NA,104_0,6633823.754,665578.443,44.493,,
stocksatra,plot_104,CR,march_2018,trap_120,2017; 2018,NA,NA,NA,NA,104_120,6633795.474,665595.705,45.101,,
stocksatra,plot_104,CR,march_2018,trap_240,2017; 2018,NA,NA,NA,NA,104_240,6633799.438,665558.345,46.34,,
stocksatra,plot_104,CR,march_2018,NA,NA,west,2017; 2018; 2019,NA,NA,104_270,6633811.15,665554.482,45.727,,
stocksatra,plot_104,CR,march_2018,NA,NA,east,2017; 2018; 2019,NA,2018,104_90,6633802.98,665601.296,44.893,,
stocksatra,plot_104,CR,march_2018,NA,NA,NA,NA,2017; 2018,NA,104_c,6633807.105,665576.7846,45.3108,,
stocksatra,plot_123,NF,NA,trap_0,2017; 2018,NA,NA,NA,NA,123_0,6634052.076,665272.925,45.75,,
stocksatra,plot_123,NF,NA,trap_120,2017; 2018,NA,NA,NA,NA,123_120,6634023.459,665301.109,55.469,,
stocksatra,plot_123,NF,NA,trap_240,2017; 2018,NA,NA,NA,NA,123_240,6634011.693,665262.043,44.352,,
stocksatra,plot_123,NF,NA,NA,NA,west,2017; 2018; 2019,NA,NA,123_270,6634031.591,665253.654,43.963,,
stocksatra,plot_123,NF,NA,NA,NA,east,2017; 2018; 2019,NA,NA,123_90,6634036.793,665300.194,46.898,,
stocksatra,plot_123,NF,NA,NA,NA,NA,NA,2017; 2018,NA,123_c,6634030.788,665278.246,45.708,,
stocksatra,plot_125,NF,NA,trap_0,2017; 2018,NA,NA,NA,NA,125_0,6633792.222,665147.633,46.114,,
stocksatra,plot_125,NF,NA,trap_120,2017; 2018,NA,NA,NA,NA,125_120,6633743.716,665159.862,44.674,,
stocksatra,plot_125,NF,NA,trap_240,2017; 2018,NA,NA,NA,NA,125_240,6633751.411,665124.996,44.29,,
stocksatra,plot_125,NF,NA,NA,NA,west,2017; 2018; 2019,NA,NA,125_270,6633769.869,665113.585,42.381,,
stocksatra,plot_125,NF,NA,NA,NA,east,2017; 2018; 2019,NA,NA,125_90,6633766.313,665158.825,47.34,,
stocksatra,plot_125,NF,NA,NA,NA,NA,NA,2017; 2018,NA,125_c,6633769.548,665138.268,44.476,,
stocksatra,plot_46,URT,march_2018,trap_0,2017; 2018,NA,NA,NA,NA,46_0,6634065.562,665482.094,47.473,,
stocksatra,plot_46,URT,march_2018,trap_120,2017; 2018,NA,NA,NA,NA,46_120,6634033.259,665503.396,46.843,,
stocksatra,plot_46,URT,march_2018,trap_240,2017; 2018,NA,NA,NA,NA,46_240,6634036.881,665458.687,47.805,,
stocksatra,plot_46,URT,march_2018,NA,NA,west,2017; 2018; 2019,NA,NA,46_270,6634037.66,665460.518,50.636,,
stocksatra,plot_46,URT,march_2018,NA,NA,east,2017; 2018; 2019,NA,NA,46_90,6634042.83,665502.892,52.096,,
stocksatra,plot_46,URT,march_2018,NA,NA,NA,NA,2017; 2018,2018,46_c,6634045.19,665479.1335,48.9706,,
stocksatra,plot_49,CT,march_2018,trap_0,2017; 2018,NA,NA,NA,NA,49_0,6633375.661,665651.617,56.721,,
stocksatra,plot_49,CT,march_2018,trap_120,2017; 2018,NA,NA,NA,NA,49_120,6633336.739,665670.064,47.603,,
stocksatra,plot_49,CT,march_2018,trap_240,2017; 2018,NA,NA,NA,NA,49_240,6633345.676,665628.749,47.592,,
stocksatra,plot_49,CT,march_2018,NA,NA,west,2017; 2018; 2019,NA,2018,49_270,6633352.894,665623.123,52.241,,
stocksatra,plot_49,CT,march_2018,NA,NA,east,2017; 2018; 2019,NA,NA,49_90,6633349.895,665676.281,44.713,,
stocksatra,plot_49,CT,march_2018,NA,NA,NA,NA,2017; 2018,NA,49_c,6633347.761,665651.2896,49.774,,
tjaderleksmossen,plot_111,NF,NA,trap_0,2017; 2018; 2019,NA,NA,NA,NA,111_0,6643875.508,668543.342,30.548,,
tjaderleksmossen,plot_111,NF,NA,trap_120,2017; 2018; 2019,NA,NA,NA,NA,111_120,6643844.516,668580.795,31.452,,
tjaderleksmossen,plot_111,NF,NA,trap_240,2017; 2018; 2019,NA,NA,NA,NA,111_240,6643845.429,668539.627,32.652,,
tjaderleksmossen,plot_111,NF,NA,NA,NA,west,2017; 2018; 2019,NA,NA,111_270,6643861.158,668528.527,32.245,,
tjaderleksmossen,plot_111,NF,NA,NA,NA,east,2017; 2018; 2019,NA,NA,111_90,6643854.499,668581.358,30.731,,
tjaderleksmossen,plot_111,NF,NA,NA,NA,NA,NA,2017; 2018; 2019,NA,111_c,6643852.089,668558.377,31.813,,
tjaderleksmossen,plot_113,NF,NA,trap_0,2017; 2018; 2019,NA,NA,NA,NA,113_0,6644172.266,668309.817,31.489,,
tjaderleksmossen,plot_113,NF,NA,trap_120,2017; 2018; 2019,NA,NA,NA,NA,113_120,6644137.536,668329.542,31.56,,
tjaderleksmossen,plot_113,NF,NA,trap_240,2017; 2018; 2019,NA,NA,NA,NA,113_240,6644130.493,668290.644,39.306,,
tjaderleksmossen,plot_113,NF,NA,NA,NA,west,2017; 2018; 2019,NA,NA,113_270,6644143.076,668286.248,37.219,,
tjaderleksmossen,plot_113,NF,NA,NA,NA,east,2017; 2018; 2019,NA,NA,113_90,6644151.202,668333.724,31.089,,
tjaderleksmossen,plot_113,NF,NA,NA,NA,NA,NA,2017; 2018; 2019,NA,113_c,6644149.093,668312.129,34.627,,
tjaderleksmossen,plot_114,NF,NA,trap_0,2017; 2018; 2019,NA,NA,NA,NA,114_0,6643688.627,667900.261,28.938,,
tjaderleksmossen,plot_114,NF,NA,trap_120,2017; 2018; 2019,NA,NA,NA,NA,114_120,6643652.742,667920.963,22.682,,
tjaderleksmossen,plot_114,NF,NA,trap_240,2017; 2018; 2019,NA,NA,NA,NA,114_240,6643663.08,667884.509,23.469,,
tjaderleksmossen,plot_114,NF,NA,NA,NA,west,2017; 2018; 2019,NA,NA,114_270,6643674.188,667877.789,24.955,,
tjaderleksmossen,plot_114,NF,NA,NA,NA,east,2017; 2018; 2019,NA,NA,114_90,6643675.463,667919.411,29.72,,
tjaderleksmossen,plot_114,NF,NA,NA,NA,NA,NA,2017; 2018; 2019,NA,114_c,6643669.143,667900.345,25.905,,
tjaderleksmossen,plot_115,NF,NA,trap_0,2017; 2018; 2019,NA,NA,NA,NA,115_0,6643715.233,668003.02,29.371,,
tjaderleksmossen,plot_115,NF,NA,trap_120,2017; 2018; 2019,NA,NA,NA,NA,115_120,6643684.252,668017.835,28.325,,
tjaderleksmossen,plot_115,NF,NA,trap_240,2017; 2018; 2019,NA,NA,NA,NA,115_240,6643686.536,667983.666,24.751,,
tjaderleksmossen,plot_115,NF,NA,NA,NA,west,2017; 2018; 2019,NA,NA,115_270,6643697.343,667980.634,30.454,,
tjaderleksmossen,plot_115,NF,NA,NA,NA,east,2017; 2018; 2019,NA,NA,115_90,6643694.503,668029.099,38.866,,
tjaderleksmossen,plot_115,NF,NA,NA,NA,NA,NA,2017; 2018; 2019,NA,115_c,6643692.461,668006.679,29.438,,
tjaderleksmossen,plot_124,NF,NA,trap_0,2017; 2018; 2019,NA,NA,NA,NA,124_0,6643650.973,668448.139,32.811,,
tjaderleksmossen,plot_124,NF,NA,trap_120,2017; 2018; 2019,NA,NA,NA,NA,124_120,6643618.918,668473.581,31.719,,
tjaderleksmossen,plot_124,NF,NA,trap_240,2017; 2018; 2019,NA,NA,NA,NA,124_240,6643619.921,668438.119,33.77,,
tjaderleksmossen,plot_124,NF,NA,NA,NA,west,2017; 2018; 2019,NA,NA,124_270,6643627.782,668431.507,32.864,,
tjaderleksmossen,plot_124,NF,NA,NA,NA,east,2017; 2018; 2019,NA,NA,124_90,6643635.29,668478.664,31.925,,
tjaderleksmossen,plot_124,NF,NA,NA,NA,NA,NA,2017; 2018; 2019,NA,124_c,6643631.731,668452.974,31.86,,
